{"cameraMode":{"drawMode":0,"name":"Shaded","section":"Shading Mode"},"sceneLighting":true,"audioPlay":false,"sceneViewState":{"showFog":true,"showMaterialUpdate":false,"showSkybox":true,"showFlares":true,"showImageEffects":true,"showParticleSystems":true},"in2DMode":false,"pivot":{"x":360.34185791015627,"y":512.369384765625,"z":281.3070068359375},"rotation":{"x":0.026390958577394487,"y":0.01799490861594677,"z":-0.0004761310701724142,"w":0.9994965195655823},"size":2616.59033203125,"orthographic":false}