{"cameraMode":{"drawMode":0,"name":"Shaded","section":"Shading Mode"},"sceneLighting":true,"audioPlay":false,"sceneViewState":{"showFog":true,"showMaterialUpdate":false,"showSkybox":true,"showFlares":true,"showImageEffects":true,"showParticleSystems":true},"in2DMode":false,"pivot":{"x":-0.17809998989105225,"y":-0.08203125,"z":7.710515022277832},"rotation":{"x":0.3851025104522705,"y":0.017994379624724389,"z":-0.007510466035455465,"w":0.9226678013801575},"size":8.488578796386719,"orthographic":true}